"Media","Desviacion","Mediana","varianza"
0.467294703148118,0.260067226827618,0.4415605,0.0676349624698076
