"Media","Desviacion","Mediana","varianza"
323.011111111111,194.975970541601,282.5,38015.6290886392
