"Media","Desviacion","Mediana","varianza"
0.0997845078728925,0.083955784995852,0.071604,0.00704857383426973
