"Media","Desviacion","Mediana","varianza"
728.245033112583,165.439474491405,708,27370.2197199922
