"Media","Desviacion","Mediana","varianza"
0.395862087370748,0.15463525126705,0.3694305,0.0239120609344236
