"Media","Desviacion","Mediana","varianza"
181.104395604396,106.287450766855,151.5,11297.0221905167
