"Media","Desviacion","Mediana","varianza"
0.268530975632288,0.171869403114978,0.21899,0.0295390917270987
