"Media","Desviacion","Mediana","varianza"
233.432029795158,96.8547513175023,230,9380.84285277522
