"Media","Desviacion","Mediana","varianza"
0.396176159953607,0.155413547596768,0.3694305,0.0241533707766129
