"Media","Desviacion","Mediana","varianza"
180.880434782609,105.778027446726,151.5,11188.9910905203
