"Media","Desviacion","Mediana","varianza"
0.374775032419533,0.234006546957506,0.341399,0.0547590640189753
