"Media","Desviacion","Mediana","varianza"
360.458100558659,199.675416891961,334,39870.2721109786
