"Media","Desviacion","Mediana","varianza"
122.465909090909,91.4927230149005,120,8370.9183646813
