"Media","Desviacion","Mediana","varianza"
0.490104738636364,0.261046132749877,0.387094,0.0681450834236665
