"Media","Desviacion","Mediana","varianza"
0.268393298768459,0.172125174263624,0.218814,0.0296270756152828
