"Media","Desviacion","Mediana","varianza"
233.130841121495,96.9101174466495,229,9391.5708635234
