"Media","Desviacion","Mediana","varianza"
0.372013419100869,0.270892026054963,0.251818,0.073382489780163
