"Media","Desviacion","Mediana","varianza"
337.533333333333,150.764095292541,321,22729.8124293785
